{"cameraMode":{"drawMode":0,"name":"Shaded","section":"Shading Mode"},"sceneLighting":true,"audioPlay":false,"sceneViewState":{"showFog":true,"showMaterialUpdate":false,"showSkybox":true,"showFlares":true,"showImageEffects":true,"showParticleSystems":true,"showVisualEffectGraphs":true,"m_FxEnabled":true},"in2DMode":false,"pivot":{"x":28.22062873840332,"y":9.200011253356934,"z":-1.059722900390625},"rotation":{"x":0.00868948083370924,"y":-0.012902204878628254,"z":-0.00011177874694112688,"w":-0.9998811483383179},"size":38.73638153076172,"orthographic":false}