{"cameraMode":{"drawMode":0,"name":"Shaded","section":"Shading Mode"},"sceneLighting":true,"audioPlay":false,"sceneViewState":{"showFog":true,"showMaterialUpdate":false,"showSkybox":true,"showFlares":true,"showImageEffects":true,"showParticleSystems":true,"showVisualEffectGraphs":true,"m_FxEnabled":true},"in2DMode":false,"pivot":{"x":5.7353010177612309,"y":10.454019546508789,"z":-62.90520477294922},"rotation":{"x":-0.0571976937353611,"y":0.052985094487667087,"z":-0.0030397786758840086,"w":-0.9969537854194641},"size":-15.899764060974121,"orthographic":false}