{"cameraMode":{"drawMode":0,"name":"Shaded","section":"Shading Mode"},"sceneLighting":true,"audioPlay":false,"sceneViewState":{"showFog":true,"showMaterialUpdate":false,"showSkybox":true,"showFlares":true,"showImageEffects":true,"showParticleSystems":true,"showVisualEffectGraphs":true,"m_FxEnabled":true},"in2DMode":false,"pivot":{"x":5.199999809265137,"y":7.969999313354492,"z":-38.790000915527347},"rotation":{"x":-0.05128409340977669,"y":0.011082198470830918,"z":-0.0005690090474672616,"w":-0.9986249208450317},"size":12.12435531616211,"orthographic":false}