{"cameraMode":{"drawMode":0,"name":"Shaded","section":"Shading Mode"},"sceneLighting":true,"audioPlay":false,"sceneViewState":{"showFog":true,"showMaterialUpdate":false,"showSkybox":true,"showFlares":true,"showImageEffects":true,"showParticleSystems":true,"showVisualEffectGraphs":true,"m_FxEnabled":true},"in2DMode":false,"pivot":{"x":-1.717003345489502,"y":1.6993836164474488,"z":6.2502593994140629},"rotation":{"x":-0.04976359009742737,"y":0.032051850110292438,"z":-0.001597750117070973,"w":-0.9982471466064453},"size":18.429607391357423,"orthographic":false}